{
	"key": "group_641c43f91812a",
	"title": "Block Service Section 1",
	"fields": [
		{
			"key": "field_641c43fa56c2e",
			"label": "Card 1",
			"name": "card_1",
			"aria-label": "",
			"type": "group",
			"instructions": "",
			"required": 0,
			"conditional_logic": 0,
			"wrapper": {
				"width": "",
				"class": "",
				"id": ""
			},
			"layout": "block",
			"sub_fields": [
				{
					"key": "field_641c442056c2f",
					"label": "Titre",
					"name": "title",
					"aria-label": "",
					"type": "text",
					"instructions": "",
					"required": 0,
					"conditional_logic": 0,
					"wrapper": {
						"width": "",
						"class": "",
						"id": ""
					},
					"default_value": "",
					"maxlength": "",
					"placeholder": "",
					"prepend": "",
					"append": ""
				},
				{
					"key": "field_641c442956c30",
					"label": "Texte",
					"name": "text",
					"aria-label": "",
					"type": "textarea",
					"instructions": "",
					"required": 0,
					"conditional_logic": 0,
					"wrapper": {
						"width": "",
						"class": "",
						"id": ""
					},
					"default_value": "",
					"maxlength": "",
					"rows": "",
					"placeholder": "",
					"new_lines": ""
				},
				{
					"key": "field_641c443456c31",
					"label": "Image",
					"name": "image",
					"aria-label": "",
					"type": "image",
					"instructions": "",
					"required": 0,
					"conditional_logic": 0,
					"wrapper": {
						"width": "",
						"class": "",
						"id": ""
					},
					"return_format": "array",
					"library": "all",
					"min_width": "",
					"min_height": "",
					"min_size": "",
					"max_width": "",
					"max_height": "",
					"max_size": "",
					"mime_types": "",
					"preview_size": "medium"
				},
				{
					"key": "field_641c446cc032e",
					"label": "Lien",
					"name": "link",
					"aria-label": "",
					"type": "link",
					"instructions": "",
					"required": 0,
					"conditional_logic": 0,
					"wrapper": {
						"width": "",
						"class": "",
						"id": ""
					},
					"return_format": "array"
				}
			]
		},
		{
			"key": "field_641c43fa57c2e",
			"label": "Card 2",
			"name": "card_2",
			"aria-label": "",
			"type": "group",
			"instructions": "",
			"required": 0,
			"conditional_logic": 0,
			"wrapper": {
				"width": "",
				"class": "",
				"id": ""
			},
			"layout": "block",
			"sub_fields": [
				{
					"key": "field_641c46c9b0708",
					"label": "Image",
					"name": "image",
					"aria-label": "",
					"type": "image",
					"instructions": "",
					"required": 0,
					"conditional_logic": 0,
					"wrapper": {
						"width": "",
						"class": "",
						"id": ""
					},
					"return_format": "array",
					"library": "all",
					"min_width": "",
					"min_height": "",
					"min_size": "",
					"max_width": "",
					"max_height": "",
					"max_size": "",
					"mime_types": "",
					"preview_size": "medium"
				},
				{
					"key": "field_641c46d3b0709",
					"label": "Titre",
					"name": "title",
					"aria-label": "",
					"type": "wysiwyg",
					"instructions": "",
					"required": 0,
					"conditional_logic": 0,
					"wrapper": {
						"width": "",
						"class": "",
						"id": ""
					},
					"default_value": "",
					"tabs": "all",
					"toolbar": "full",
					"media_upload": 1,
					"delay": 0
				},
				{
					"key": "field_641c46e1b070a",
					"label": "Texte",
					"name": "text",
					"aria-label": "",
					"type": "textarea",
					"instructions": "",
					"required": 0,
					"conditional_logic": 0,
					"wrapper": {
						"width": "",
						"class": "",
						"id": ""
					},
					"default_value": "",
					"maxlength": "",
					"rows": "",
					"placeholder": "",
					"new_lines": ""
				}
			]
		}
	],
	"location": [
		[
			{
				"param": "block",
				"operator": "==",
				"value": "acf\/servicesection1"
			}
		]
	],
	"menu_order": 0,
	"position": "normal",
	"style": "default",
	"label_placement": "top",
	"instruction_placement": "label",
	"hide_on_screen": "",
	"active": true,
	"description": "",
	"show_in_rest": 0,
	"modified": 1679574772
}