{
    "key": "group_641ca0d14503d",
    "title": "Contact Form",
    "fields": [
        {
            "key": "field_641cbe9104847",
            "label": "Formulaire",
            "name": "formulaire",
            "aria-label": "",
            "type": "cf7",
            "instructions": "",
            "required": 0,
            "conditional_logic": 0,
            "wrapper": {
                "width": "",
                "class": "",
                "id": ""
            },
            "allow_null": 0,
            "multiple": 0,
            "disable": [
                "0"
            ]
        },
        {
            "key": "field_641ca28189ab2",
            "label": "Carte contact",
            "name": "card_contact",
            "aria-label": "",
            "type": "group",
            "instructions": "",
            "required": 0,
            "conditional_logic": 0,
            "wrapper": {
                "width": "",
                "class": "",
                "id": ""
            },
            "layout": "block",
            "sub_fields": [
                {
                    "key": "field_641ca29689ab3",
                    "label": "Titre",
                    "name": "title",
                    "aria-label": "",
                    "type": "text",
                    "instructions": "",
                    "required": 0,
                    "conditional_logic": 0,
                    "wrapper": {
                        "width": "",
                        "class": "",
                        "id": ""
                    },
                    "default_value": "",
                    "maxlength": "",
                    "placeholder": "",
                    "prepend": "",
                    "append": ""
                },
                {
                    "key": "field_641ca2a089ab4",
                    "label": "Texte",
                    "name": "text",
                    "aria-label": "",
                    "type": "textarea",
                    "instructions": "",
                    "required": 0,
                    "conditional_logic": 0,
                    "wrapper": {
                        "width": "",
                        "class": "",
                        "id": ""
                    },
                    "default_value": "",
                    "maxlength": "",
                    "rows": "",
                    "placeholder": "",
                    "new_lines": ""
                },
                {
                    "key": "field_641ca2b389ab5",
                    "label": "Numéro de téléphone",
                    "name": "phone",
                    "aria-label": "",
                    "type": "text",
                    "instructions": "",
                    "required": 0,
                    "conditional_logic": 0,
                    "wrapper": {
                        "width": "",
                        "class": "",
                        "id": ""
                    },
                    "default_value": "",
                    "maxlength": "",
                    "placeholder": "",
                    "prepend": "",
                    "append": ""
                }
            ]
        },
        {
            "key": "field_641ca31089ab6",
            "label": "Carte réseaux sociaux",
            "name": "card_rs",
            "aria-label": "",
            "type": "group",
            "instructions": "",
            "required": 0,
            "conditional_logic": 0,
            "wrapper": {
                "width": "",
                "class": "",
                "id": ""
            },
            "layout": "block",
            "sub_fields": [
                {
                    "key": "field_641ca32489ab7",
                    "label": "Titre",
                    "name": "title",
                    "aria-label": "",
                    "type": "text",
                    "instructions": "",
                    "required": 0,
                    "conditional_logic": 0,
                    "wrapper": {
                        "width": "",
                        "class": "",
                        "id": ""
                    },
                    "default_value": "",
                    "maxlength": "",
                    "placeholder": "",
                    "prepend": "",
                    "append": ""
                },
                {
                    "key": "field_641ca32d89ab8",
                    "label": "Texte",
                    "name": "text",
                    "aria-label": "",
                    "type": "textarea",
                    "instructions": "",
                    "required": 0,
                    "conditional_logic": 0,
                    "wrapper": {
                        "width": "",
                        "class": "",
                        "id": ""
                    },
                    "default_value": "",
                    "maxlength": "",
                    "rows": "",
                    "placeholder": "",
                    "new_lines": ""
                },
                {
                    "key": "field_641ca35e89ab9",
                    "label": "RS",
                    "name": "rs",
                    "aria-label": "",
                    "type": "repeater",
                    "instructions": "",
                    "required": 0,
                    "conditional_logic": 0,
                    "wrapper": {
                        "width": "",
                        "class": "",
                        "id": ""
                    },
                    "layout": "table",
                    "pagination": 0,
                    "min": 0,
                    "max": 0,
                    "collapsed": "",
                    "button_label": "Add Row",
                    "rows_per_page": 20,
                    "sub_fields": [
                        {
                            "key": "field_641ca36d89aba",
                            "label": "Url",
                            "name": "url",
                            "aria-label": "",
                            "type": "url",
                            "instructions": "",
                            "required": 0,
                            "conditional_logic": 0,
                            "wrapper": {
                                "width": "",
                                "class": "",
                                "id": ""
                            },
                            "default_value": "",
                            "placeholder": "",
                            "parent_repeater": "field_641ca35e89ab9"
                        },
                        {
                            "key": "field_641ca37689abb",
                            "label": "Icon",
                            "name": "icon",
                            "aria-label": "",
                            "type": "font-awesome",
                            "instructions": "",
                            "required": 0,
                            "conditional_logic": 0,
                            "wrapper": {
                                "width": "",
                                "class": "",
                                "id": ""
                            },
                            "icon_sets": [
                                "custom"
                            ],
                            "custom_icon_set": "ACFFA_custom_icon_list_v6_RS",
                            "default_label": "&lt;i class=\"fa-regular fa-image fa-fw\"&gt;&lt;\/i&gt; Image",
                            "default_value": "{ \"style\" : \"regular\", \"id\" : \"image\", \"label\" : \"Image\", \"unicode\" : \"f03e\" }",
                            "save_format": "element",
                            "allow_null": 0,
                            "show_preview": 1,
                            "enqueue_fa": 1,
                            "fa_live_preview": "",
                            "choices": [],
                            "parent_repeater": "field_641ca35e89ab9"
                        }
                    ]
                }
            ]
        }
    ],
    "location": [
        [
            {
                "param": "page_template",
                "operator": "==",
                "value": "contact.php"
            }
        ]
    ],
    "menu_order": 0,
    "position": "acf_after_title",
    "style": "default",
    "label_placement": "top",
    "instruction_placement": "label",
    "hide_on_screen": [
        "the_content",
        "excerpt",
        "discussion",
        "comments",
        "format",
        "categories",
        "tags"
    ],
    "active": true,
    "description": "",
    "show_in_rest": 0,
    "modified": 1679605478
}