{
	"key": "group_63f88ab180686",
	"title": "Block - Community",
	"fields": [
		{
			"key": "field_63f88ab254675",
			"label": "Titre",
			"name": "title",
			"aria-label": "",
			"type": "text",
			"instructions": "",
			"required": 0,
			"conditional_logic": 0,
			"wrapper": {
				"width": "",
				"class": "",
				"id": ""
			},
			"default_value": "",
			"maxlength": "",
			"placeholder": "",
			"prepend": "",
			"append": ""
		},
		{
			"key": "field_640dad54e8898",
			"label": "Image",
			"name": "image",
			"aria-label": "",
			"type": "image",
			"instructions": "",
			"required": 0,
			"conditional_logic": 0,
			"wrapper": {
				"width": "",
				"class": "",
				"id": ""
			},
			"return_format": "array",
			"library": "all",
			"min_width": "",
			"min_height": "",
			"min_size": "",
			"max_width": "",
			"max_height": "",
			"max_size": "",
			"mime_types": "",
			"preview_size": "medium"
		},
		{
			"key": "field_63f88acc54676",
			"label": "Carte 1",
			"name": "card_1",
			"aria-label": "",
			"type": "group",
			"instructions": "",
			"required": 0,
			"conditional_logic": 0,
			"wrapper": {
				"width": "",
				"class": "",
				"id": ""
			},
			"layout": "block",
			"sub_fields": [
				{
					"key": "field_63f8e0b973e24",
					"label": "Icon",
					"name": "icon",
					"aria-label": "",
					"type": "image",
					"instructions": "",
					"required": 0,
					"conditional_logic": 0,
					"wrapper": {
						"width": "",
						"class": "",
						"id": ""
					},
					"return_format": "array",
					"library": "all",
					"min_width": "",
					"min_height": "",
					"min_size": "",
					"max_width": "",
					"max_height": "",
					"max_size": "",
					"mime_types": "",
					"preview_size": "medium"
				},
				{
					"key": "field_63f88ae654678",
					"label": "Texte",
					"name": "text",
					"aria-label": "",
					"type": "text",
					"instructions": "",
					"required": 0,
					"conditional_logic": 0,
					"wrapper": {
						"width": "",
						"class": "",
						"id": ""
					},
					"default_value": "",
					"maxlength": "",
					"placeholder": "",
					"prepend": "",
					"append": ""
				}
			]
		},
		{
			"key": "field_63f99acc54676",
			"label": "Carte 2",
			"name": "card_2",
			"aria-label": "",
			"type": "group",
			"instructions": "",
			"required": 0,
			"conditional_logic": 0,
			"wrapper": {
				"width": "",
				"class": "",
				"id": ""
			},
			"layout": "block",
			"sub_fields": [
				{
					"key": "field_63f88b4ae3377",
					"label": "Titre",
					"name": "title",
					"aria-label": "",
					"type": "text",
					"instructions": "",
					"required": 0,
					"conditional_logic": 0,
					"wrapper": {
						"width": "",
						"class": "",
						"id": ""
					},
					"default_value": "",
					"maxlength": "",
					"placeholder": "",
					"prepend": "",
					"append": ""
				},
				{
					"key": "field_63f88b57e3378",
					"label": "Description",
					"name": "description",
					"aria-label": "",
					"type": "wysiwyg",
					"instructions": "",
					"required": 0,
					"conditional_logic": 0,
					"wrapper": {
						"width": "",
						"class": "",
						"id": ""
					},
					"default_value": "",
					"tabs": "all",
					"toolbar": "full",
					"media_upload": 1,
					"delay": 0
				},
				{
					"key": "field_63f88b64e3379",
					"label": "Lien",
					"name": "link",
					"aria-label": "",
					"type": "link",
					"instructions": "",
					"required": 0,
					"conditional_logic": 0,
					"wrapper": {
						"width": "",
						"class": "",
						"id": ""
					},
					"return_format": "array"
				}
			]
		}
	],
	"location": [
		[
			{
				"param": "block",
				"operator": "==",
				"value": "acf\/community"
			}
		]
	],
	"menu_order": 0,
	"position": "normal",
	"style": "default",
	"label_placement": "top",
	"instruction_placement": "label",
	"hide_on_screen": "",
	"active": true,
	"description": "",
	"show_in_rest": 0,
	"modified": 1678617968
}